map_id	map_id_hex	map_symbol	map_name_cn	warp_count	warp_scripts	proc_x_range	proc_y_range	entity_x_range	entity_y_range	known_safe_spawn_points	collision_candidate_offset	collision_candidate_size	map_data_entry	map_width	map_height	is_interior	terrain_info	terrain_map	visual_tilemap_candidate	entity_table_candidate	notes
0	0x000	MAP_MOTHERS_HILL	母亲之山	10	38,175,176,228,532,767,873,875,977	360..1176	20..752	360..1176	20..752	s38(1065,432,f0);s175(1176,510,f2);s176(1175,752,f2);s228(360,144,f0);s532(500,20,f0);s767(612,584,f2);s873(900,350,f0);s875(900,350,f0)	0x120BBC	0x80	0x105EDC	128	88	0	0x0811EE68	0x0811EEB0	0x0869B730		MapData decoded from GetMapData table; collision candidate is not yet the verified full movement grid
1	0x001	MAP_BEACH	海滩	25	76,153,409,430,440,691,692,693,783,886,889,891,953,1145,1191,1192	24..385	120..504	24..385	120..504	s76(231,144,f3);s153(212,120,f0);s409(24,280,f3);s430(260,504,f0);s440(84,120,f0);s691(24,280,f3);s691(24,280,f3);s691(24,280,f3)	0x120C3C	0x80	0x105F04	128	88	0	0x0811EE68	0x0811EEB0	0x086A018C		MapData decoded from GetMapData table; collision candidate is not yet the verified full movement grid
2	0x002	MAP_FARM	农场	43	6,37,97,143,167,177,222,358,462,524,573,574,575,576,577,578,579,580,581,582,583,584,585,586	130..752	56..688	130..752	56..688	s6(316,116,f3);s6(316,116,f3);s37(228,120,f0);s37(490,140,f1);s37(130,540,f1);s37(220,220,f1);s97(752,122,f0);s143(300,400,f1)	0x120CBC	0x80	0x105F2C	60	56	0	0x08131AD4	0x08131AFC	0x086FB004		MapData decoded from GetMapData table; collision candidate is not yet the verified full movement grid
3	0x003	MAP_FOREST	森林	6	88,90,166,525,550,874	24..832	24..448	24..832	24..448	s88(24,264,f3);s90(24,448,f3);s166(168,24,f0);s525(832,24,f0);s550(612,248,f0);s874(612,248,f0)	0x120D3C	0x80	0x105F54	60	56	0	0x08131AD4	0x08131AFC	0x086FDB2C		MapData decoded from GetMapData table; collision candidate is not yet the verified full movement grid
4	0x004	MAP_CHURCH_REAR	教堂后院	5	136,142,329,779,815	140..372	115..368	140..372	267..368	s136(252,368,f1);s142(332,368,f1);s329(372,312,f0);s779(140,267,f1);s815(372,312,f0)	0x120DBC	0x80	0x105F7C	176	88	0	0x0812B5A0	0x0812B624	0x086C6920		MapData decoded from GetMapData table; collision candidate is not yet the verified full movement grid
5	0x005	MAP_NORTH_TOWN	矿物镇北	45	24,29,38,46,51,62,72,188,206,238,273,293,306,338,361,389,410,415,526,689,717,731,732,750	104..1292	24..688	104..1292	24..688	s24(688,168,f0);s29(856,168,f0);s38(1232,168,f0);s46(632,496,f0);s51(632,496,f0);s62(200,168,f0);s62(200,168,f0);s62(200,168,f0)	0x120E3C	0x80	0x105FA4	176	88	0	0x0812B5A0	0x0812B624	0x086CDFEC		MapData decoded from GetMapData table; collision candidate is not yet the verified full movement grid
6	0x006	MAP_ROSE_SQUARE	玫瑰广场	20	106,379,527,689,690,691,692,693,756,781,1098,1128,1129,1163,1190,1218,1241,1264,1289	198..456	24..432	180..456	24..432	s106(456,128,f2);s379(220,24,f0);s527(220,432,f1);s689(220,24,f0);s690(220,432,f1);s691(456,128,f2);s692(456,128,f2);s693(456,128,f2)	0x120EBC	0x80	0x105FCC	173	64	0	0x08134FB0	0x08134FFC	0x08704D30		MapData decoded from GetMapData table; collision candidate is not yet the verified full movement grid
7	0x007	MAP_SOUTH_TOWN	矿物镇南	21	36,124,172,178,381,411,519,541,559,560,690,796,876	104..1272	24..496	104..1272	24..496	s36(320,171,f3);s124(572,232,f0);s172(104,496,f1);s178(812,496,f1);s381(104,24,f0);s411(1272,24,f0);s519(296,120,f0);s541(548,106,f0)	0x120F3C	0x80	0x105FF4	173	64	0	0x08134FB0	0x08134FFC	0x0870B81C		MapData decoded from GetMapData table; collision candidate is not yet the verified full movement grid
8	0x008	MAP_MOTHERS_PEAK	母亲之山顶	12	61,93,744,784,932,1128,1242,1243,1306,1318,1319	152..238	70..464	224..249	70..500	s61(236,487,f1);s93(236,464,f1);s744(236,443,f1);s784(230,420,f1);s932(236,500,f1);s1242(236,428,f1)	0x120FBC	0x80	0x10601C	64	80	0	0x0811C1B4	0x0811C1E8	0x0868A63C		MapData decoded from GetMapData table; collision candidate is not yet the verified full movement grid
9	0x009			2	6,165	68..120	124..208	68..120	124..208	s6(68,124,f1);s165(120,208,f1)	0x12103C	0x80	0x106044	64	80	0	0x0811C1B4	0x0811C1E8	0x0868E2C8		MapData decoded from GetMapData table; collision candidate is not yet the verified full movement grid
10	0x00A			8	39,134,423,523,695,760,894,1301	24..192	80..208	24..192	80..216	s39(120,216,f1);s134(24,152,f0);s423(120,208,f1);s523(120,208,f1);s695(192,80,f3);s760(120,208,f1);s894(120,208,f1);s1301(120,210,f1)	0x1210BC	0x80	0x10606C	64	48	0	0x0812A98C	0x0812A9A0	0x086A4F6C		MapData decoded from GetMapData table; collision candidate is not yet the verified full movement grid
11	0x00B			1	123	24..24	96..96	24..24	96..96	s123(24,96,f1)	0x12113C	0x80	0x106094	64	48	0	0x0812A98C	0x0812A9A0	0x086AA130		MapData decoded from GetMapData table; collision candidate is not yet the verified full movement grid
12	0x00C			25	34,38,44,55,64,78,360,370,777,779,848,877,878,879,898,899,908,918,919,936,937,956,957,1205	183..308	64..320	104..308	64..320	s34(168,152,f0);s38(184,272,f1);s44(168,152,f0);s55(168,152,f0);s64(168,152,f0);s78(168,152,f0);s360(308,64,f0);s370(184,320,f1)	0x1211BC	0x80	0x1060BC	128	64	0	0x08121F38	0x08121F5C	0x086A4F6C		MapData decoded from GetMapData table; collision candidate is not yet the verified full movement grid
13	0x00D			2	105,764	120..120	141..208	120..120	193..208	s105(120,208,f1);s764(120,193,f1)	0x12123C	0x80	0x1060E4	128	64	0	0x08121F38	0x08121F5C	0x086AA130		MapData decoded from GetMapData table; collision candidate is not yet the verified full movement grid
14	0x00E			12	72,371,712,713,742,744,745,750,776,947,1303	84..152	80..208	84..129	104..260	s72(120,104,f1);s72(120,120,f1);s371(120,208,f1);s712(84,156,f3);s713(84,156,f3);s742(128,119,f1);s744(128,118,f1);s745(129,120,f1)	0x1212BC	0x80	0x10610C	150	100	0	0x08117CE0	0x08117D10	0x0867A0E8		MapData decoded from GetMapData table; collision candidate is not yet the verified full movement grid
15	0x00F	MAP_SHOP_INTERIOR	商店室内	10	16,20,24,29,201,372,423,721,753,1300	100..228	64..320	88..228	64..320	s16(145,274,f1);s20(184,258,f1);s24(144,279,f1);s29(88,200,f1);s201(100,64,f0);s372(144,320,f1);s423(144,320,f1);s721(228,152,f1)	0x12133C	0x80	0x106134	150	100	0	0x08117CE0	0x08117D10	0x08681F2C		MapData decoded from GetMapData table; collision candidate is not yet the verified full movement grid
16	0x010			5	24,29,205,751,1304	92..198	165..320	92..160	201..330	s24(160,240,f3);s29(134,201,f3);s205(92,320,f1);s751(92,330,f1);s1304(92,320,f1)	0x1213BC	0x80	0x10615C	60	60	0	0x08137C2C	0x08137C3C	0x08711DA0		MapData decoded from GetMapData table; collision candidate is not yet the verified full movement grid
17	0x011			1	984	59..59	153..153				0x12143C	0x80	0x106184	60	60	0	0x08137C2C	0x08137C3C	0x08714C84		MapData decoded from GetMapData table; collision candidate is not yet the verified full movement grid
18	0x012			2	91,986	120..143	112..208	120..143	112..208	s91(120,208,f1);s986(143,112,f2)	0x1214BC	0x80	0x1061AC	30	28	1	0x0812F2A4	0x0812F2D8	0x086D7D88		MapData decoded from GetMapData table; collision candidate is not yet the verified full movement grid
19	0x013			27	29,51,66,69,250,373,654,655,656,657,658,684,685,686,687,688,694,769,773,776,781,944,950	24..264	85..320	24..311	106..320	s51(304,232,f0);s66(120,272,f1);s69(136,256,f1);s69(184,128,f3);s69(144,144,f2);s250(24,152,f0);s373(184,320,f1)	0x12153C	0x80	0x1061D4	30	28	1	0x0812F634	0x0812F65C	0x086D7D88		MapData decoded from GetMapData table; collision candidate is not yet the verified full movement grid
20	0x014			1	237	24..24	64..64	24..24	64..64	s237(24,64,f1)	0x1215BC	0x80	0x1061FC	30	28	1	0x08132C78	0x08132C98	0x086D7D88		MapData decoded from GetMapData table; collision candidate is not yet the verified full movement grid
21	0x015			13	46,51,52,268,284,374,711,763,781,911,1302	40..293	64..320	40..315	64..320	s46(184,280,f1);s46(184,139,f0);s46(184,139,f0);s51(136,235,f1);s52(315,248,f1);s268(92,64,f0);s284(40,96,f0);s374(184,320,f1)	0x12163C	0x80	0x106224	30	28	1	0x08132FE0	0x08132FFC	0x086D7D88		MapData decoded from GetMapData table; collision candidate is not yet the verified full movement grid
22	0x016			3	51,271,792	68..176	80..320	92..176	111..320	s51(176,111,f1);s271(92,320,f1);s792(103,224,f1)	0x1216BC	0x80	0x10624C	46	42	1	0x08126B84	0x08126BB4	0x086B7E7C		MapData decoded from GetMapData table; collision candidate is not yet the verified full movement grid
23	0x017			3	49,272,906	40..276	80..248	40..276	248..248	s49(276,248,f1);s272(40,248,f1);s906(40,248,f0)	0x12173C	0x80	0x106274	46	42	1	0x08127368	0x081273A4	0x086B7E7C		MapData decoded from GetMapData table; collision candidate is not yet the verified full movement grid
24	0x018			6	57,59,307,376,929,933	120..216	76..208	120..216	144..208	s57(120,208,f1);s59(120,144,f1);s307(216,168,f0);s376(120,208,f1);s929(120,208,f1);s933(120,208,f1)	0x1217BC	0x80	0x10629C	46	42	1	0x08127B68	0x08127B94	0x086B7E7C		MapData decoded from GetMapData table; collision candidate is not yet the verified full movement grid
25	0x019			1	305	216..216	96..96	216..216	96..96	s305(216,96,f1)	0x12183C	0x80	0x1062C4	36	42	1	0x0812491C	0x08124964	0x086AFC08		MapData decoded from GetMapData table; collision candidate is not yet the verified full movement grid
26	0x01A			8	62,300,375,726,731,732,1305	68..216	80..208	120..216	96..208	s62(120,208,f1);s62(128,96,f1);s300(216,144,f0);s375(120,208,f1);s726(120,152,f2);s731(120,208,f1);s732(120,208,f1);s1305(120,208,f1)	0x1218BC	0x80	0x1062EC	36	42	1	0x081242D4	0x08124314	0x08700E10		MapData decoded from GetMapData table; collision candidate is not yet the verified full movement grid
27	0x01B			2	62,292	120..216	80..88	128..216	88..104	s62(128,104,f2);s292(216,88,f1)	0x12193C	0x80	0x106314	30	28	1	0x081336B4	0x081336E4	0x08700E10		MapData decoded from GetMapData table; collision candidate is not yet the verified full movement grid
28	0x01C			3	362,815	120..172	123..208	120..172	123..208	s362(120,208,f1);s815(172,123,f0);s815(121,165,f1)	0x1219BC	0x80	0x10633C	30	28	1	0x0811E968	0x0811E998	0x08700E10		MapData decoded from GetMapData table; collision candidate is not yet the verified full movement grid
29	0x01D	MAP_PLAYER_HOUSE	玩家房屋	123	33,35,43,45,54,56,63,65,77,79,111,112,113,114,115,168,169,170,589,590,592,593,595,596	117..448	24..208	117..448	-46..208	s33(331,148,f2);s35(303,148,f3);s43(331,148,f2);s45(303,148,f3);s54(331,148,f2);s56(303,148,f3);s63(331,148,f2);s65(303,148,f3)	0x121A3C	0x80	0x106364	46	42	1	0x08125BC8	0x08125C00	0x086B3180		MapData decoded from GetMapData table; collision candidate is not yet the verified full movement grid
30	0x01E			1	377	120..120	208..208	120..120	208..208	s377(120,208,f1)	0x121ABC	0x80	0x10638C	46	42	1	0x081263B4	0x081263E4	0x086B3180		MapData decoded from GetMapData table; collision candidate is not yet the verified full movement grid
31	0x01F			4	378,399,717,763	92..216	136..208	92..216	136..208	s378(120,208,f1);s399(216,136,f0);s717(92,153,f1);s763(119,168,f1)	0x121B3C	0x80	0x1063B4	46	42	1	0x0811E1B4	0x0811E1DC	0x086B3180		MapData decoded from GetMapData table; collision candidate is not yet the verified full movement grid
32	0x020			1	390	216..216	64..64	216..216	64..64	s390(216,64,f1)	0x121BBC	0x80	0x1063DC	30	28	1	0x08128A00	0x08128A34	0x086BDE04		MapData decoded from GetMapData table; collision candidate is not yet the verified full movement grid
33	0x021			4	24,380,422,915	120..136	80..208	103..120	80..216	s24(103,167,f1);s380(120,208,f1);s422(120,80,f1);s915(120,216,f1)	0x121C3C	0x80	0x106404	30	28	1	0x08128D7C	0x08128DB8	0x086BDE04		MapData decoded from GetMapData table; collision candidate is not yet the verified full movement grid
34	0x022			1	416	120..120	152..152	120..120	152..152	s416(120,152,f0)	0x121CBC	0x80	0x10642C	30	28	1	0x08128320	0x08128348	0x086BDE04		MapData decoded from GetMapData table; collision candidate is not yet the verified full movement grid
35	0x023			3	107,986	120..143	112..208	120..143	112..208	s107(120,208,f1);s107(120,208,f1);s986(143,112,f2)	0x121D3C	0x80	0x106454	30	28	1	0x08128690	0x081286B8	0x086BDE04		MapData decoded from GetMapData table; collision candidate is not yet the verified full movement grid
36	0x024			3	108,714,795	120..124	72..208	120..124	72..250	s108(120,208,f1);s714(120,250,f1);s795(124,72,f0)	0x121DBC	0x80	0x10647C	30	28	1	0x081254E8	0x08125514	0x086913D4		MapData decoded from GetMapData table; collision candidate is not yet the verified full movement grid
37	0x025			1	171	184..184	272..272	184..184	272..272	s171(184,272,f1)	0x121E3C	0x80	0x1064A4	42	28	1	0x0812500C	0x08125050	0x086913D4		MapData decoded from GetMapData table; collision candidate is not yet the verified full movement grid
38	0x026			2	528,926	120..120	80..208	120..120	208..208	s528(120,208,f1);s926(120,208,f1)	0x121EBC	0x80	0x1064CC	46	36	1	0x08134558	0x08134594	0x086913D4		MapData decoded from GetMapData table; collision candidate is not yet the verified full movement grid
39	0x027			2	529,986	103..120	83..208	103..120	83..208	s529(120,208,f1);s986(103,83,f0)	0x121F3C	0x80	0x1064F4	76	36	1	0x08133A44	0x08133AA8	0x086913D4		MapData decoded from GetMapData table; collision candidate is not yet the verified full movement grid
40	0x028			1	179	120..120	208..208	120..120	208..208	s179(120,208,f1)	0x121FBC	0x80	0x10651C	30	28	1	0x0811BE4C	0x0811BE6C	0x086913D4		MapData decoded from GetMapData table; collision candidate is not yet the verified full movement grid
41	0x029			3	521,530,568	40..216	168..208	40..216	168..208	s521(40,208,f1);s530(168,208,f1);s568(216,168,f0)	0x12203C	0x80	0x106544	30	28	1	0x0812A5C8	0x0812A5F8	0x086C2630		MapData decoded from GetMapData table; collision candidate is not yet the verified full movement grid
42	0x02A			1	561	216..216	96..96	216..216	96..96	s561(216,96,f1)	0x1220BC	0x80	0x10656C	45	28	1	0x08129FAC	0x08129FE0	0x086C2630		MapData decoded from GetMapData table; collision candidate is not yet the verified full movement grid
43	0x02B			1	401	120..120	144..144	120..120	144..144	s401(120,144,f1)	0x12213C	0x80	0x106594	59	28	1	0x081298F4	0x08129928	0x086C2630		MapData decoded from GetMapData table; collision candidate is not yet the verified full movement grid
44	0x02C			0							0x1221BC	0x80	0x1065BC	30	28	1	0x0811DA98	0x0811DACC	0x08693630		MapData decoded from GetMapData table; collision candidate is not yet the verified full movement grid
45	0x02D			1	1128	236..236	326..326	236..236	326..326		0x12223C	0x80	0x1065E4	30	28	1	0x0811DE14	0x0811DE44	0x08693630		MapData decoded from GetMapData table; collision candidate is not yet the verified full movement grid
46	0x02E			1	1128	236..236	326..326	236..236	326..326		0x1222BC	0x80	0x10660C	30	28	1	0x0813939C	0x081393D4	0x0871B474		MapData decoded from GetMapData table; collision candidate is not yet the verified full movement grid
47	0x02F			1	1128	236..236	326..326	236..236	326..326		0x12233C	0x80	0x106634	30	28	1	0x0813971C	0x08139740	0x0871B474		MapData decoded from GetMapData table; collision candidate is not yet the verified full movement grid
48	0x030			1	1063	0..0	0..0	104..104	32..32		0x1223BC	0x80	0x10665C	30	28	1	0x08134C38	0x08134C68	0x087180E0		MapData decoded from GetMapData table; collision candidate is not yet the verified full movement grid
49	0x031			3	1060,1061,1062	0..0	0..0	80..118	46..80		0x12243C	0x80	0x106684	30	28	1	0x08139024	0x08139054	0x087180E0		MapData decoded from GetMapData table; collision candidate is not yet the verified full movement grid
50	0x032			2	1061	0..0	0..0	35..35	72..72		0x1224BC	0x80	0x1066AC	30	28	1	0x08129470	0x0812949C	0x086BB59C		MapData decoded from GetMapData table; collision candidate is not yet the verified full movement grid
51	0x033			4	1060,1062	0..0	0..0	31..35	72..95		0x12253C	0x80	0x1066D4	30	28	1	0x08123F5C	0x08123F8C	0x086BB59C		MapData decoded from GetMapData table; collision candidate is not yet the verified full movement grid
52	0x034			1	89	120..120	192..192	120..120	192..192	s89(120,192,f1)	0x1225BC	0x80	0x1066FC	30	28	1	0x08129100	0x08129128	0x086C0C48		MapData decoded from GetMapData table; collision candidate is not yet the verified full movement grid
53	0x035			0							0x12263C	0x80	0x106724	30	28	1	0x0812585C	0x08125880	0x086961C0		MapData decoded from GetMapData table; collision candidate is not yet the verified full movement grid
54	0x036			0							0x1226BC	0x80	0x10674C	30	28	1	0x08133344	0x0813336C	0x086961C0		MapData decoded from GetMapData table; collision candidate is not yet the verified full movement grid
55	0x037			0							0x12273C	0x80	0x106774	30	28	1	0x08138A4C	0x08138A7C	0x086961C0		MapData decoded from GetMapData table; collision candidate is not yet the verified full movement grid
56	0x038			0							0x1227BC	0x80	0x10679C	30	26	1	0x0812F9A4	0x0812F9B0	0x086DAFCC		MapData decoded from GetMapData table; collision candidate is not yet the verified full movement grid
57	0x039			0							0x12283C	0x80	0x1067C4	60	70	1	0x0812FCBC	0x0812FCC4	0x086DAFCC		MapData decoded from GetMapData table; collision candidate is not yet the verified full movement grid
58	0x03A	MAP_SPRING_MINE	泉水矿洞	0							0x1228BC	0x80	0x1067EC	30	42	1	0x08130D2C	0x08130D34	0x086DAFCC		MapData decoded from GetMapData table; collision candidate is not yet the verified full movement grid
59	0x03B			0									0x106814	30	26	1	0x08131220	0x08131228	0x086DAFCC		MapData decoded from GetMapData table; collision candidate is not yet the verified full movement grid
60	0x03C			0									0x10683C	30	20	1	0x08131534	0x08131544	0x086DAFCC		MapData decoded from GetMapData table; collision candidate is not yet the verified full movement grid
61	0x03D			0									0x106864	30	26	1	0x0813179C	0x081317A8	0x086DAFCC		MapData decoded from GetMapData table; collision candidate is not yet the verified full movement grid
62	0x03E			0									0x10688C	30	20	1	0x08138DC4	0x08138DCC	0x0869B730		MapData decoded from GetMapData table; collision candidate is not yet the verified full movement grid
63	0x03F			1	167	240..240	460..460	240..240	460..460	s167(240,460,f1)			0x1068B4	30	20	1			0x0869B730		MapData decoded from GetMapData table; collision candidate is not yet the verified full movement grid
64	0x040			0									0x1068DC	30	20	1			0x086913D4		MapData decoded from GetMapData table; collision candidate is not yet the verified full movement grid
65	0x041			0									0x106904	30	20	1			0x086913D4		MapData decoded from GetMapData table; collision candidate is not yet the verified full movement grid
308	0x134			1	92	120..120	192..192	120..120	192..192	s92(120,192,f1)											MapData decoded from GetMapData table; collision candidate is not yet the verified full movement grid
