map_id	map_id_hex	map_symbol	map_name_cn	entry_rom_offset	packed_img	packed_pal1	packed_pal2	packed_tiles1	packed_tiles2	packed_tiles3	terrain_info	terrain_map	packed_img_rom_offset	packed_pal1_rom_offset	packed_pal2_rom_offset	packed_tiles1_rom_offset	packed_tiles2_rom_offset	packed_tiles3_rom_offset	terrain_info_rom_offset	terrain_map_rom_offset	width	height	is_interior
0	0x000	MAP_MOTHERS_HILL	母亲之山	0x105EDC	0x0869B730	0x0869F2E0	0x086A0098	0x0869F3D4	0x0869FB80	0x086A0008	0x0811EE68	0x0811EEB0	0x69B730	0x69F2E0	0x6A0098	0x69F3D4	0x69FB80	0x6A0008	0x11EE68	0x11EEB0	128	88	0
1	0x001	MAP_BEACH	海滩	0x105F04	0x086A018C	0x086A3F48	0x086A4E98	0x086A402C	0x086A4950	0x086A4E04	0x0811EE68	0x0811EEB0	0x6A018C	0x6A3F48	0x6A4E98	0x6A402C	0x6A4950	0x6A4E04	0x11EE68	0x11EEB0	128	88	0
2	0x002	MAP_FARM	农场	0x105F2C	0x086FB004	0x086FD19C	0x086FDA8C	0x086FD240	0x086FD7D0	0x086FD9F4	0x08131AD4	0x08131AFC	0x6FB004	0x6FD19C	0x6FDA8C	0x6FD240	0x6FD7D0	0x6FD9F4	0x131AD4	0x131AFC	60	56	0
3	0x003	MAP_FOREST	森林	0x105F54	0x086FDB2C	0x086FFA84	0x08700374	0x086FFB24	0x087000B0	0x087002CC	0x08131AD4	0x08131AFC	0x6FDB2C	0x6FFA84	0x700374	0x6FFB24	0x7000B0	0x7002CC	0x131AD4	0x131AFC	60	56	0
4	0x004	MAP_CHURCH_REAR	教堂后院	0x105F7C	0x086C6920	0x086CB62C	0x086CDEB8	0x086CB760	0x086CC7E0	0x086CD878	0x0812B5A0	0x0812B624	0x6C6920	0x6CB62C	0x6CDEB8	0x6CB760	0x6CC7E0	0x6CD878	0x12B5A0	0x12B624	176	88	0
5	0x005	MAP_NORTH_TOWN	矿物镇北	0x105FA4	0x086CDFEC	0x086D2E98	0x086D5428	0x086D2F94	0x086D3EBC	0x086D4ED4	0x0812B5A0	0x0812B624	0x6CDFEC	0x6D2E98	0x6D5428	0x6D2F94	0x6D3EBC	0x6D4ED4	0x12B5A0	0x12B624	176	88	0
6	0x006	MAP_ROSE_SQUARE	玫瑰广场	0x105FCC	0x08704D30	0x08709BA8	0x0870B6A8	0x08709D34	0x0870A8A8	0x0870B220	0x08134FB0	0x08134FFC	0x704D30	0x709BA8	0x70B6A8	0x709D34	0x70A8A8	0x70B220	0x134FB0	0x134FFC	173	64	0
7	0x007	MAP_SOUTH_TOWN	矿物镇南	0x105FF4	0x0870B81C	0x087104B4	0x08711C90	0x087105DC	0x08710EB0	0x08711818	0x08134FB0	0x08134FFC	0x70B81C	0x7104B4	0x711C90	0x7105DC	0x710EB0	0x711818	0x134FB0	0x134FFC	173	64	0
8	0x008	MAP_MOTHERS_PEAK	母亲之山顶	0x10601C	0x0868A63C	0x0868D70C	0x0868E1E4	0x0868D7EC	0x0868DF08	0x0868E168	0x0811C1B4	0x0811C1E8	0x68A63C	0x68D70C	0x68E1E4	0x68D7EC	0x68DF08	0x68E168	0x11C1B4	0x11C1E8	64	80	0
9	0x009			0x106044	0x0868E2C8	0x0869089C	0x08691308	0x08690974	0x08691078	0x0869129C	0x0811C1B4	0x0811C1E8	0x68E2C8	0x69089C	0x691308	0x690974	0x691078	0x69129C	0x11C1B4	0x11C1E8	64	80	0
10	0x00A			0x10606C	0x086A4F6C	0x086A88E8	0x086AA074	0x086C57C0	0x086C5C80	0x086C5EB4	0x0812A98C	0x0812A9A0	0x6A4F6C	0x6A88E8	0x6AA074	0x6C57C0	0x6C5C80	0x6C5EB4	0x12A98C	0x12A9A0	64	48	0
11	0x00B			0x106094	0x086AA130	0x086ADA88	0x086AF274	0x086C608C	0x086C6540	0x086C6760	0x0812A98C	0x0812A9A0	0x6AA130	0x6ADA88	0x6AF274	0x6C608C	0x6C6540	0x6C6760	0x12A98C	0x12A9A0	64	48	0
12	0x00C			0x1060BC	0x086A4F6C	0x086A88E8	0x086AA074	0x086A89B4	0x086A9434	0x086A9B2C	0x08121F38	0x08121F5C	0x6A4F6C	0x6A88E8	0x6AA074	0x6A89B4	0x6A9434	0x6A9B2C	0x121F38	0x121F5C	128	64	0
13	0x00D			0x1060E4	0x086AA130	0x086ADA88	0x086AF274	0x086ADB50	0x086AE6DC	0x086AED3C	0x08121F38	0x08121F5C	0x6AA130	0x6ADA88	0x6AF274	0x6ADB50	0x6AE6DC	0x6AED3C	0x121F38	0x121F5C	128	64	0
14	0x00E			0x10610C	0x0867A0E8	0x0867EC24	0x08681E54	0x0867ED1C	0x08680A10	0x0868167C	0x08117CE0	0x08117D10	0x67A0E8	0x67EC24	0x681E54	0x67ED1C	0x680A10	0x68167C	0x117CE0	0x117D10	150	100	0
15	0x00F	MAP_SHOP_INTERIOR	商店室内	0x106134	0x08681F2C	0x08686F2C	0x0868A17C	0x08687024	0x08688DA4	0x08689A0C	0x08117CE0	0x08117D10	0x681F2C	0x686F2C	0x68A17C	0x687024	0x688DA4	0x689A0C	0x117CE0	0x117D10	150	100	0
16	0x010			0x10615C	0x08711DA0	0x08714580	0x08714AD0	0x08714610	0x087147D0	0x08714980	0x08137C2C	0x08137C3C	0x711DA0	0x714580	0x714AD0	0x714610	0x7147D0	0x714980	0x137C2C	0x137C3C	60	60	0
17	0x011			0x106184	0x08714C84	0x08716B38	0x08717018	0x08716BC0	0x08716D24	0x08716ECC	0x08137C2C	0x08137C3C	0x714C84	0x716B38	0x717018	0x716BC0	0x716D24	0x716ECC	0x137C2C	0x137C3C	60	60	0
18	0x012			0x1061AC	0x086D7D88	0x086DAEA8	0x086DAEA8	0x086D7558	0x086D7734	0x086D78A0	0x0812F2A4	0x0812F2D8	0x6D7D88	0x6DAEA8	0x6DAEA8	0x6D7558	0x6D7734	0x6D78A0	0x12F2A4	0x12F2D8	30	28	1
19	0x013			0x1061D4	0x086D7D88	0x086DAEA8	0x086DAEA8	0x086D7988	0x086D7B60	0x086D7C8C	0x0812F634	0x0812F65C	0x6D7D88	0x6DAEA8	0x6DAEA8	0x6D7988	0x6D7B60	0x6D7C8C	0x12F634	0x12F65C	30	28	1
20	0x014			0x1061FC	0x086D7D88	0x086DAEA8	0x086DAEA8	0x08700408	0x087005E0	0x087006E4	0x08132C78	0x08132C98	0x6D7D88	0x6DAEA8	0x6DAEA8	0x700408	0x7005E0	0x7006E4	0x132C78	0x132C98	30	28	1
21	0x015			0x106224	0x086D7D88	0x086DAEA8	0x086DAEA8	0x087007B4	0x087009B4	0x08700A6C	0x08132FE0	0x08132FFC	0x6D7D88	0x6DAEA8	0x6DAEA8	0x7007B4	0x7009B4	0x700A6C	0x132FE0	0x132FFC	30	28	1
22	0x016			0x10624C	0x086B7E7C	0x086BB440	0x086BB440	0x086B6AF4	0x086B6DF4	0x086B6FF4	0x08126B84	0x08126BB4	0x6B7E7C	0x6BB440	0x6BB440	0x6B6AF4	0x6B6DF4	0x6B6FF4	0x126B84	0x126BB4	46	42	1
23	0x017			0x106274	0x086B7E7C	0x086BB440	0x086BB440	0x086B7120	0x086B7428	0x086B772C	0x08127368	0x081273A4	0x6B7E7C	0x6BB440	0x6BB440	0x6B7120	0x6B7428	0x6B772C	0x127368	0x1273A4	46	42	1
24	0x018			0x10629C	0x086B7E7C	0x086BB440	0x086BB440	0x086B7858	0x086B7B54	0x086B7D88	0x08127B68	0x08127B94	0x6B7E7C	0x6BB440	0x6BB440	0x6B7858	0x6B7B54	0x6B7D88	0x127B68	0x127B94	46	42	1
25	0x019			0x1062C4	0x086AFC08	0x086B1314	0x086B1314	0x086B14CC	0x086B1734	0x086B1914	0x0812491C	0x08124964	0x6AFC08	0x6B1314	0x6B1314	0x6B14CC	0x6B1734	0x6B1914	0x12491C	0x124964	36	42	1
26	0x01A			0x1062EC	0x08700E10	0x087038D4	0x087038D4	0x086AF7A8	0x086AF974	0x086AFB34	0x081242D4	0x08124314	0x700E10	0x7038D4	0x7038D4	0x6AF7A8	0x6AF974	0x6AFB34	0x1242D4	0x124314	36	42	1
27	0x01B			0x106314	0x08700E10	0x087038D4	0x087038D4	0x08703A14	0x08703B60	0x08703C70	0x081336B4	0x081336E4	0x700E10	0x7038D4	0x7038D4	0x703A14	0x703B60	0x703C70	0x1336B4	0x1336E4	30	28	1
28	0x01C			0x10633C	0x08700E10	0x087038D4	0x087038D4	0x0869B3B8	0x0869B50C	0x0869B65C	0x0811E968	0x0811E998	0x700E10	0x7038D4	0x7038D4	0x69B3B8	0x69B50C	0x69B65C	0x11E968	0x11E998	30	28	1
29	0x01D	MAP_PLAYER_HOUSE	玩家房屋	0x106364	0x086B3180	0x086B697C	0x086B697C	0x086B24F0	0x086B2840	0x086B2A24	0x08125BC8	0x08125C00	0x6B3180	0x6B697C	0x6B697C	0x6B24F0	0x6B2840	0x6B2A24	0x125BC8	0x125C00	46	42	1
30	0x01E			0x10638C	0x086B3180	0x086B697C	0x086B697C	0x086B2B9C	0x086B2DE8	0x086B3034	0x081263B4	0x081263E4	0x6B3180	0x6B697C	0x6B697C	0x6B2B9C	0x6B2DE8	0x6B3034	0x1263B4	0x1263E4	46	42	1
31	0x01F			0x1063B4	0x086B3180	0x086B697C	0x086B697C	0x08695CB0	0x08695FD0	0x086960D4	0x0811E1B4	0x0811E1DC	0x6B3180	0x6B697C	0x6B697C	0x695CB0	0x695FD0	0x6960D4	0x11E1B4	0x11E1DC	46	42	1
32	0x020			0x1063DC	0x086BDE04	0x086C0ADC	0x086C0ADC	0x086BD840	0x086BD9BC	0x086BDAAC	0x08128A00	0x08128A34	0x6BDE04	0x6C0ADC	0x6C0ADC	0x6BD840	0x6BD9BC	0x6BDAAC	0x128A00	0x128A34	30	28	1
33	0x021			0x106404	0x086BDE04	0x086C0ADC	0x086C0ADC	0x086BDB8C	0x086BDC80	0x086BDD80	0x08128D7C	0x08128DB8	0x6BDE04	0x6C0ADC	0x6C0ADC	0x6BDB8C	0x6BDC80	0x6BDD80	0x128D7C	0x128DB8	30	28	1
34	0x022			0x10642C	0x086BDE04	0x086C0ADC	0x086C0ADC	0x086BD110	0x086BD2C8	0x086BD3C8	0x08128320	0x08128348	0x6BDE04	0x6C0ADC	0x6C0ADC	0x6BD110	0x6BD2C8	0x6BD3C8	0x128320	0x128348	30	28	1
35	0x023			0x106454	0x086BDE04	0x086C0ADC	0x086C0ADC	0x086BD4E8	0x086BD680	0x086BD798	0x08128690	0x081286B8	0x6BDE04	0x6C0ADC	0x6C0ADC	0x6BD4E8	0x6BD680	0x6BD798	0x128690	0x1286B8	30	28	1
36	0x024			0x10647C	0x086913D4	0x08692C8C	0x08692C8C	0x086B1E64	0x086B20D8	0x086B2168	0x081254E8	0x08125514	0x6913D4	0x692C8C	0x692C8C	0x6B1E64	0x6B20D8	0x6B2168	0x1254E8	0x125514	30	28	1
37	0x025			0x1064A4	0x086913D4	0x08692C8C	0x08692C8C	0x086B1A28	0x086B1D10	0x086B1DC4	0x0812500C	0x08125050	0x6913D4	0x692C8C	0x692C8C	0x6B1A28	0x6B1D10	0x6B1DC4	0x12500C	0x125050	42	28	1
38	0x026			0x1064CC	0x086913D4	0x08692C8C	0x08692C8C	0x08704424	0x087047BC	0x08704898	0x08134558	0x08134594	0x6913D4	0x692C8C	0x692C8C	0x704424	0x7047BC	0x704898	0x134558	0x134594	46	36	1
39	0x027			0x1064F4	0x086913D4	0x08692C8C	0x08692C8C	0x08703D48	0x0870420C	0x08704328	0x08133A44	0x08133AA8	0x6913D4	0x692C8C	0x692C8C	0x703D48	0x70420C	0x704328	0x133A44	0x133AA8	76	36	1
40	0x028			0x10651C	0x086913D4	0x08692C8C	0x08692C8C	0x0868A250	0x0868A45C	0x0868A5B4	0x0811BE4C	0x0811BE6C	0x6913D4	0x692C8C	0x692C8C	0x68A250	0x68A45C	0x68A5B4	0x11BE4C	0x11BE6C	30	28	1
41	0x029			0x106544	0x086C2630	0x086C4D68	0x086C4D68	0x086C54E4	0x086C5630	0x086C5718	0x0812A5C8	0x0812A5F8	0x6C2630	0x6C4D68	0x6C4D68	0x6C54E4	0x6C5630	0x6C5718	0x12A5C8	0x12A5F8	30	28	1
42	0x02A			0x10656C	0x086C2630	0x086C4D68	0x086C4D68	0x086C51C4	0x086C5324	0x086C5424	0x08129FAC	0x08129FE0	0x6C2630	0x6C4D68	0x6C4D68	0x6C51C4	0x6C5324	0x6C5424	0x129FAC	0x129FE0	45	28	1
43	0x02B			0x106594	0x086C2630	0x086C4D68	0x086C4D68	0x086C4E70	0x086C4FF4	0x086C50F8	0x081298F4	0x08129928	0x6C2630	0x6C4D68	0x6C4D68	0x6C4E70	0x6C4FF4	0x6C50F8	0x1298F4	0x129928	59	28	1
44	0x02C			0x1065BC	0x08693630	0x08695BA8	0x08695BA8	0x08692DB0	0x08693004	0x08693138	0x0811DA98	0x0811DACC	0x693630	0x695BA8	0x695BA8	0x692DB0	0x693004	0x693138	0x11DA98	0x11DACC	30	28	1
45	0x02D			0x1065E4	0x08693630	0x08695BA8	0x08695BA8	0x0869320C	0x0869342C	0x086935A0	0x0811DE14	0x0811DE44	0x693630	0x695BA8	0x695BA8	0x69320C	0x69342C	0x6935A0	0x11DE14	0x11DE44	30	28	1
46	0x02E			0x10660C	0x0871B474	0x0871D3F4	0x0871D3F4	0x0871ABC8	0x0871AE2C	0x0871AF84	0x0813939C	0x081393D4	0x71B474	0x71D3F4	0x71D3F4	0x71ABC8	0x71AE2C	0x71AF84	0x13939C	0x1393D4	30	28	1
47	0x02F			0x106634	0x0871B474	0x0871D3F4	0x0871D3F4	0x0871B088	0x0871B2AC	0x0871B3D4	0x0813971C	0x08139740	0x71B474	0x71D3F4	0x71D3F4	0x71B088	0x71B2AC	0x71B3D4	0x13971C	0x139740	30	28	1
48	0x030			0x10665C	0x087180E0	0x0871AAD8	0x0871AAD8	0x08704978	0x08704B6C	0x08704C54	0x08134C38	0x08134C68	0x7180E0	0x71AAD8	0x71AAD8	0x704978	0x704B6C	0x704C54	0x134C38	0x134C68	30	28	1
49	0x031			0x106684	0x087180E0	0x0871AAD8	0x0871AAD8	0x08717CF0	0x08717E64	0x08718008	0x08139024	0x08139054	0x7180E0	0x71AAD8	0x71AAD8	0x717CF0	0x717E64	0x718008	0x139024	0x139054	30	28	1
50	0x032			0x1066AC	0x086BB59C	0x086BCFFC	0x086BCFFC	0x086C2250	0x086C2414	0x086C2578	0x08129470	0x0812949C	0x6BB59C	0x6BCFFC	0x6BCFFC	0x6C2250	0x6C2414	0x6C2578	0x129470	0x12949C	30	28	1
51	0x033			0x1066D4	0x086BB59C	0x086BCFFC	0x086BCFFC	0x086AF32C	0x086AF520	0x086AF6DC	0x08123F5C	0x08123F8C	0x6BB59C	0x6BCFFC	0x6BCFFC	0x6AF32C	0x6AF520	0x6AF6DC	0x123F5C	0x123F8C	30	28	1
52	0x034			0x1066FC	0x086C0C48	0x086C1D44	0x086C1D44	0x086C1E48	0x086C1FF0	0x086C2158	0x08129100	0x08129128	0x6C0C48	0x6C1D44	0x6C1D44	0x6C1E48	0x6C1FF0	0x6C2158	0x129100	0x129128	30	28	1
53	0x035			0x106724	0x086961C0	0x086977C8	0x086977C8	0x086B21FC	0x086B2380	0x086B246C	0x0812585C	0x08125880	0x6961C0	0x6977C8	0x6977C8	0x6B21FC	0x6B2380	0x6B246C	0x12585C	0x125880	30	28	1
54	0x036			0x10674C	0x086961C0	0x086977C8	0x086977C8	0x08700AE0	0x08700C6C	0x08700D84	0x08133344	0x0813336C	0x6961C0	0x6977C8	0x6977C8	0x700AE0	0x700C6C	0x700D84	0x133344	0x13336C	30	28	1
55	0x037			0x106774	0x086961C0	0x086977C8	0x086977C8	0x0871714C	0x08717304	0x08717434	0x08138A4C	0x08138A7C	0x6961C0	0x6977C8	0x6977C8	0x71714C	0x717304	0x717434	0x138A4C	0x138A7C	30	28	1
56	0x038			0x10679C	0x086DAFCC	0x086DBD84	0x086DBD84	0x086DBE24	0x086DBEBC	0x086DBEC8	0x0812F9A4	0x0812F9B0	0x6DAFCC	0x6DBD84	0x6DBD84	0x6DBE24	0x6DBEBC	0x6DBEC8	0x12F9A4	0x12F9B0	30	26	1
57	0x039			0x1067C4	0x086DAFCC	0x086DBD84	0x086DBD84	0x086DBF74	0x086DBFF0	0x086DBFFC	0x0812FCBC	0x0812FCC4	0x6DAFCC	0x6DBD84	0x6DBD84	0x6DBF74	0x6DBFF0	0x6DBFFC	0x12FCBC	0x12FCC4	60	70	1
58	0x03A	MAP_SPRING_MINE	泉水矿洞	0x1067EC	0x086DAFCC	0x086DBD84	0x086DBD84	0x086DC058	0x086DC0E4	0x086DC0F0	0x08130D2C	0x08130D34	0x6DAFCC	0x6DBD84	0x6DBD84	0x6DC058	0x6DC0E4	0x6DC0F0	0x130D2C	0x130D34	30	42	1
59	0x03B			0x106814	0x086DAFCC	0x086DBD84	0x086DBD84	0x086DC150	0x086DC1D0	0x086DC1DC	0x08131220	0x08131228	0x6DAFCC	0x6DBD84	0x6DBD84	0x6DC150	0x6DC1D0	0x6DC1DC	0x131220	0x131228	30	26	1
60	0x03C			0x10683C	0x086DAFCC	0x086DBD84	0x086DBD84	0x086DC238	0x086DC2EC	0x086DC318	0x08131534	0x08131544	0x6DAFCC	0x6DBD84	0x6DBD84	0x6DC238	0x6DC2EC	0x6DC318	0x131534	0x131544	30	20	1
61	0x03D			0x106864	0x086DAFCC	0x086DBD84	0x086DBD84	0x086DC400	0x086DC4C4	0x086DC4D0	0x0813179C	0x081317A8	0x6DAFCC	0x6DBD84	0x6DBD84	0x6DC400	0x6DC4C4	0x6DC4D0	0x13179C	0x1317A8	30	26	1
62	0x03E			0x10688C	0x0869B730	0x0869F2E0	0x0869F2E0	0x087174D4	0x08717568		0x08138DC4	0x08138DCC	0x69B730	0x69F2E0	0x69F2E0	0x7174D4	0x717568		0x138DC4	0x138DCC	30	20	1
63	0x03F			0x1068B4	0x0869B730	0x0869F2E0	0x0869F2E0	0x087175B0	0x087176BC				0x69B730	0x69F2E0	0x69F2E0	0x7175B0	0x7176BC				30	20	1
64	0x040			0x1068DC	0x086913D4	0x08692C8C	0x08692C8C	0x08717730	0x08717954				0x6913D4	0x692C8C	0x692C8C	0x717730	0x717954				30	20	1
65	0x041			0x106904	0x086913D4	0x08692C8C	0x08692C8C	0x08717A40	0x08717C24				0x6913D4	0x692C8C	0x692C8C	0x717A40	0x717C24				30	20	1
